-- db loomine
create database Tarpv24Maksim
use Tarpv24Maksim

--?
create table Gender
(
Id int NOT NULL primary key,
Gender nvarchar(10) not null
)

create table Person
(
Id int not null primary key,
Name nvarchar(25),
Email nvarchar(30),
GenderId int
)

--- andmete sisestamine tabelisse
insert into Gender (Id, Gender)
values (1, 'Female')
insert into Gender (Id, Gender)
values (2, 'Male')


alter table Person add constraint tblPerson_GenderId_FK
foreign key (GenderId) references Gender(Id)
-- ?
insert into Person (Id, Name, Email, GenderId)
values (1, 'Supermees', 's@s.com', 2)
insert into Person (Id, Name, Email, GenderId)
values (2, 'Wonderwoman', 'w@w.com', 1)
insert into Person (Id, Name, Email, GenderId)
values (3, 'Batman', 'b@b.com', 2)
insert into Person (Id, Name, Email, GenderId)
values (4, 'Aquaman', 'a@a.com', 2)
insert into Person (Id, Name, Email, GenderId)
values (5, 'Catwoman', 'c@c.com', 1)
insert into Person (Id, Name, Email, GenderId)
values (6, 'Antman', 'ant"ant.com', 2)
insert into Person (Id, Name, Email, GenderId)
values (7, 'Spiderman', 'spider@spiderman.com', 2)

select * from Person
select * from Gender
--- loome uued tabelid
create table Department
(
Id int primary key,
DepartmentName nvarchar(50),
Location nvarchar(50),
DepartmentHead nvarchar(50)
)

create table Employees
(
Id int primary key,
Name nvarchar(50),
Gender nvarchar(10),
Salary nvarchar(50),
DepartmentId int
)

--?
insert into Department (Id, DepartmentName, Location, DepartmentHead)
values (1, 'IT', 'London', 'Rick')
insert into Department (Id, DepartmentName, Location, DepartmentHead)
values (2, 'Payroll', 'Delhi', 'Ron')
insert into Department (Id, DepartmentName, Location, DepartmentHead)
values (3, 'HR', 'New York', 'Christie')
insert into Department (Id, DepartmentName, Location, DepartmentHead)
values (4, 'Other Deparment', 'Sydney', 'Cindrella')

insert into Employees (Id, Name, Gender, Salary, DepartmentId)
values (1, 'Tom', 'Male', 4000, 1)
insert into Employees (Id, Name, Gender, Salary, DepartmentId)
values (2, 'Pam', 'Female', 3000, 1)
insert into Employees (Id, Name, Gender, Salary, DepartmentId)
values (3, 'John', 'Male', 3500, 1)
insert into Employees (Id, Name, Gender, Salary, DepartmentId)
values (4, 'Sam', 'Male', 4500, 2)
insert into Employees (Id, Name, Gender, Salary, DepartmentId)
values (5, 'Todd', 'Male', 2800, 1)
insert into Employees (Id, Name, Gender, Salary, DepartmentId)
values (6, 'Ben', 'Male', 7000, 1)
insert into Employees (Id, Name, Gender, Salary, DepartmentId)
values (7, 'Sara', 'Female', 4800, 3)
insert into Employees (Id, Name, Gender, Salary, DepartmentId)
values (8, 'Valarie', 'Female', 5500, 1)
insert into Employees (Id, Name, Gender, Salary, DepartmentId)
values (9, 'James', 'Male', 6500, NULL)
insert into Employees (Id, Name, Gender, Salary, DepartmentId)
values (10, 'Russell', 'Male', 8800, NULL)

select * from Employees
select * from Department

-- seosed join
-- füüsiline seos - lisatud FK (constraint - kontroll diagramm)
-- loogiline seos - õigesti kirjutada SELECT joiniga

-- JOIN
SELECT * FROM Employees
JOIN Department ON Employees.DepartmentId = Department.Id

-- Lihtsamaks
SELECT e.Name, e.Salary, d.DepartmentName FROM Employees e
JOIN Department d ON e.DepartmentId = d.Id

-- INNER JOIN
-- Kus on olemas väärtus
SELECT e.Name, e.Salary, d.DepartmentName 
FROM Employees e
INNER JOIN Department d ON e.DepartmentId = d.Id

-- LEFT JOIN
-- Kõik Employees
SELECT e.Name, e.Salary, d.DepartmentName 
FROM Employees e
LEFT JOIN Department d ON e.DepartmentId = d.Id

-- RIGHT JOIN
-- Kõik Department
SELECT e.Name, e.Salary, d.DepartmentName 
FROM Employees e
RIGHT JOIN Department d ON e.DepartmentId = d.Id

-- OUTER JOIN
-- Kõik Employees ja Department
SELECT e.Name, e.Salary, d.DepartmentName 
FROM Employees e
FULL OUTER JOIN Department d ON e.DepartmentId = d.Id

-- CROSS JOIN
-- All Department for every Employees
SELECT e.Name, d.DepartmentName 
FROM Employees e
CROSS JOIN Department d
